name,phone,language,city,segment,event_name,event_date,event_time,event_location
Ananya Sharma,+919820112345,Hindi,Mumbai,Patron,National AI & Healthcare Seminar,2026-10-25,10:00 AM,Nehru Centre Auditorium Worli
Karthik Iyer,+919840223456,Tamil,Chennai,Alumni,National AI & Healthcare Seminar,2026-10-27,02:30 PM,IIT Madras Research Park Taramani
Meera Nair,+919447334567,Malayalam,Kochi,VIP,National AI & Healthcare Seminar,2026-10-29,11:00 AM,Le Meridien Convention Centre Maradu
Rohan Gupta,+919890445678,Marathi,Pune,Faculty,National AI & Healthcare Seminar,2026-11-02,09:30 AM,COEP Tech Auditorium Shivajinagar
Venkatesh Rao,+919849556789,Telugu,Hyderabad,Patron,National AI & Healthcare Seminar,2026-11-05,04:00 PM,HICC Novotel HITEC City
Priya Banerjee,+919831667890,Bengali,Kolkata,Alumni,National AI & Healthcare Seminar,2026-11-08,10:30 AM,Biswa Bangla Convention Centre New Town
Arjun Patel,+919825778901,Gujarati,Ahmedabad,VIP,National AI & Healthcare Seminar,2026-11-12,03:00 PM,Gujarat University Convention Hall
Suresh Reddy,+919880889012,Kannada,Bengaluru,Patron,National AI & Healthcare Seminar,2026-11-15,11:00 AM,Nimhans Convention Centre Hosur Road
Vikram Singh,+919811990123,Hindi,Delhi,VIP,National AI & Healthcare Seminar,2026-11-18,01:30 PM,India Habitat Centre Lodhi Road
Deepa Menon,+919495112233,Malayalam,Kochi,Faculty,National AI & Healthcare Seminar,2026-10-29,11:00 AM,Le Meridien Convention Centre Maradu
Rajesh Varma,+919822334455,Marathi,Mumbai,Student,National AI & Healthcare Seminar,2026-10-25,10:00 AM,Nehru Centre Auditorium Worli
Lakshmi Narayanan,+919444556677,Tamil,Chennai,Patron,National AI & Healthcare Seminar,2026-10-27,02:30 PM,IIT Madras Research Park Taramani
